-- PEOPLE
INSERT INTO PEOPLE (ID, PERSON_NAME, GENDER, EMAIL, PHONE) VALUES (1001, 'Alice Cust', 'F', 'alice.cust@gmail.com', '9000001');
INSERT INTO PEOPLE (ID, PERSON_NAME, GENDER, EMAIL, PHONE) VALUES (1002, 'John Smith', 'M', 'john.smith@gmail.com', '9000002');
INSERT INTO PEOPLE (ID, PERSON_NAME, GENDER, EMAIL, PHONE) VALUES (1003, 'Maria Petrova', 'F', 'maria.petrova@gmail.com', '9000003');

INSERT INTO PEOPLE (ID, PERSON_NAME, GENDER, EMAIL, PHONE) VALUES (2001, 'Bob Waiter', 'M', 'bob.waiter@gmail.com', '8000001');
INSERT INTO PEOPLE (ID, PERSON_NAME, GENDER, EMAIL, PHONE) VALUES (2002, 'Lina Server', 'F', 'lina.server@gmail.com', '8000002');

INSERT INTO PEOPLE (ID, PERSON_NAME, GENDER, EMAIL, PHONE) VALUES (3001, 'Vova Sup', 'M', 'vova.sup@gmail.com', '7000001');
INSERT INTO PEOPLE (ID, PERSON_NAME, GENDER, EMAIL, PHONE) VALUES (3002, 'Anna Deliv', 'F', 'anna.deliv@gmail.com', '7000002');

-- CUSTOMERS
INSERT INTO CUSTOMERS (ID, DISCOUNT) VALUES (1001, 15.00);
INSERT INTO CUSTOMERS (ID, DISCOUNT) VALUES (1002, 5.00);
INSERT INTO CUSTOMERS (ID, DISCOUNT) VALUES (1003, 10.00);

-- WAITERS
INSERT INTO WAITERS (ID, SALARY) VALUES (2001, 2500.00);
INSERT INTO WAITERS (ID, SALARY) VALUES (2002, 2300.00);

-- SUPPLIERS
INSERT INTO SUPPLIERS (ID, SUPPLIER_TERM) VALUES (3001, 'Paypal');
INSERT INTO SUPPLIERS (ID, SUPPLIER_TERM) VALUES (3002, 'Bank Transfer');

-- CATEGORIES
INSERT INTO CATEGORIES (ID, CATEGORY_NAME) VALUES (1, 'Main Course');
INSERT INTO CATEGORIES (ID, CATEGORY_NAME) VALUES (2, 'Appetizer');
INSERT INTO CATEGORIES (ID, CATEGORY_NAME) VALUES (3, 'Dessert');

-- DISHES
INSERT INTO DISHES (ID, DISH_NAME, DESCRIPTION, PRICE, CATEGORY_ID) VALUES (10, 'Spaghetti Carbonara', 'Pasta with bacon and eggs', 12.50, 1);
INSERT INTO DISHES (ID, DISH_NAME, DESCRIPTION, PRICE, CATEGORY_ID) VALUES (11, 'Caesar Salad', 'Salad with chicken and croutons', 8.00, 2);
INSERT INTO DISHES (ID, DISH_NAME, DESCRIPTION, PRICE, CATEGORY_ID) VALUES (12, 'Tiramisu', 'Coffee-flavored Italian dessert', 6.50, 3);
INSERT INTO DISHES (ID, DISH_NAME, DESCRIPTION, PRICE, CATEGORY_ID) VALUES (13, 'Ukrainian Borscht', 'Beet soup with sour cream', 10.00, 1);

-- INGREDIENTS
INSERT INTO INGREDIENTS (ID, INGREDIENT_NAME, INGREDIENT_UNIT, QUANTITY) VALUES (201, 'Pasta', 'kg', 5);
INSERT INTO INGREDIENTS (ID, INGREDIENT_NAME, INGREDIENT_UNIT, QUANTITY) VALUES (202, 'Bacon', 'kg', 3);
INSERT INTO INGREDIENTS (ID, INGREDIENT_NAME, INGREDIENT_UNIT, QUANTITY) VALUES (203, 'Eggs', 'pcs', 30);
INSERT INTO INGREDIENTS (ID, INGREDIENT_NAME, INGREDIENT_UNIT, QUANTITY) VALUES (204, 'Carrot', 'kg', 10);
INSERT INTO INGREDIENTS (ID, INGREDIENT_NAME, INGREDIENT_UNIT, QUANTITY) VALUES (205, 'Beetroot', 'kg', 8);
INSERT INTO INGREDIENTS (ID, INGREDIENT_NAME, INGREDIENT_UNIT, QUANTITY) VALUES (206, 'Cream', 'l', 4);
INSERT INTO INGREDIENTS (ID, INGREDIENT_NAME, INGREDIENT_UNIT, QUANTITY) VALUES (207, 'Chicken', 'kg', 6);
INSERT INTO INGREDIENTS (ID, INGREDIENT_NAME, INGREDIENT_UNIT, QUANTITY) VALUES (208, 'Lettuce', 'kg', 2);

-- DISH_INGREDIENTS
INSERT INTO DISH_INGREDIENTS VALUES (10, 201, 0.1); -- Pasta
INSERT INTO DISH_INGREDIENTS VALUES (10, 202, 0.05); -- Bacon
INSERT INTO DISH_INGREDIENTS VALUES (10, 203, 2); -- Eggs
INSERT INTO DISH_INGREDIENTS VALUES (11, 207, 0.1); -- Chicken
INSERT INTO DISH_INGREDIENTS VALUES (11, 208, 0.05); -- Lettuce
INSERT INTO DISH_INGREDIENTS VALUES (13, 204, 0.1); -- Carrot
INSERT INTO DISH_INGREDIENTS VALUES (13, 205, 0.1); -- Beetroot
INSERT INTO DISH_INGREDIENTS VALUES (13, 206, 0.05); -- Cream

-- DELIVERIES
INSERT INTO DELIVERIES (ID, SUPPLIER_ID, DELIVERED_ON) VALUES (4001, 3001, SYSDATE - 5);
INSERT INTO DELIVERIES (ID, SUPPLIER_ID, DELIVERED_ON) VALUES (4002, 3002, SYSDATE - 2);

-- DELIVERED
INSERT INTO DELIVERED VALUES (201, 4001, 10, 1.2);
INSERT INTO DELIVERED VALUES (202, 4001, 5, 4.0);
INSERT INTO DELIVERED VALUES (203, 4001, 60, 0.2);
INSERT INTO DELIVERED VALUES (205, 4002, 8, 0.8);
INSERT INTO DELIVERED VALUES (204, 4002, 6, 0.6);

-- TABLES
INSERT INTO RESTAURANT_TABLES (ID, CAPACITY) VALUES (1, 2);
INSERT INTO RESTAURANT_TABLES (ID, CAPACITY) VALUES (2, 4);
INSERT INTO RESTAURANT_TABLES (ID, CAPACITY) VALUES (3, 6);

-- ORDERS
INSERT INTO RESTAURANT_ORDERS (ID, CUSTOMER_ID, WAITER_ID, MADE_ON, TIPS) VALUES (5001, 1001, 2001, SYSDATE - 1, 3.50);
INSERT INTO RESTAURANT_ORDERS (ID, CUSTOMER_ID, WAITER_ID, MADE_ON, TIPS) VALUES (5002, 1002, 2002, SYSDATE - 2, 5.00);
INSERT INTO RESTAURANT_ORDERS (ID, CUSTOMER_ID, WAITER_ID, MADE_ON, TIPS) VALUES (5003, 1003, 2001, SYSDATE, 0.00);
INSERT INTO RESTAURANT_ORDERS (ID, CUSTOMER_ID, WAITER_ID, MADE_ON, TIPS)
VALUES (5004, 1001, 2001, SYSDATE - 2 + INTERVAL '11:00' HOUR TO MINUTE, 4.00);
INSERT INTO DISHES_TO_ORDERS VALUES (5004, 11, 1);
INSERT INTO TABLE_SERVICE (ORDER_ID, TABLE_ID, STATUS, SERVED_ON)
VALUES (5004, 1, 'Served', SYSDATE - 2 + INTERVAL '11:30' HOUR TO MINUTE);
-- ЗАКАЗ 5005: 1 ЧАС РАЗНИЦЫ
INSERT INTO RESTAURANT_ORDERS (ID, CUSTOMER_ID, WAITER_ID, MADE_ON, TIPS)
VALUES (5005, 1002, 2002, SYSDATE - 1 + INTERVAL '13:15' HOUR TO MINUTE, 5.00);
INSERT INTO DISHES_TO_ORDERS VALUES (5005, 12, 1);
INSERT INTO TABLE_SERVICE (ORDER_ID, TABLE_ID, STATUS, SERVED_ON)
VALUES (5005, 2, 'Served', SYSDATE - 1 + INTERVAL '14:15' HOUR TO MINUTE);
-- ЗАКАЗ 5006: 10 МИНУТ РАЗНИЦЫ
INSERT INTO RESTAURANT_ORDERS (ID, CUSTOMER_ID, WAITER_ID, MADE_ON, TIPS)
VALUES (5006, 1003, 2001, SYSDATE - 1 + INTERVAL '18:00' HOUR TO MINUTE, 2.00);
INSERT INTO DISHES_TO_ORDERS VALUES (5006, 13, 2);
INSERT INTO TABLE_SERVICE (ORDER_ID, TABLE_ID, STATUS, SERVED_ON)
VALUES (5006, 3, 'Served', SYSDATE - 1 + INTERVAL '18:10' HOUR TO MINUTE);
-- ЗАКАЗ 5007: 2 ЧАСА 15 МИНУТ РАЗНИЦЫ
INSERT INTO RESTAURANT_ORDERS (ID, CUSTOMER_ID, WAITER_ID, MADE_ON, TIPS)
VALUES (5007, 1002, 2002, SYSDATE - 3 + INTERVAL '10:00' HOUR TO MINUTE, 3.00);
INSERT INTO DISHES_TO_ORDERS VALUES (5007, 10, 1);
INSERT INTO TABLE_SERVICE (ORDER_ID, TABLE_ID, STATUS, SERVED_ON)
VALUES (5007, 2, 'Served', SYSDATE - 3 + INTERVAL '12:15' HOUR TO MINUTE);
-- ЗАКАЗ 5008: 45 МИНУТ РАЗНИЦЫ
INSERT INTO RESTAURANT_ORDERS (ID, CUSTOMER_ID, WAITER_ID, MADE_ON, TIPS)
VALUES (5008, 1003, 2001, SYSDATE - 4 + INTERVAL '19:00' HOUR TO MINUTE, 6.00);

INSERT INTO DISHES_TO_ORDERS VALUES (5008, 13, 1);

INSERT INTO TABLE_SERVICE (ORDER_ID, TABLE_ID, STATUS, SERVED_ON)
VALUES (5008, 1, 'Served', SYSDATE - 4 + INTERVAL '19:45' HOUR TO MINUTE);

-- DISHES_TO_ORDERS
INSERT INTO DISHES_TO_ORDERS VALUES (5001, 10, 2);
INSERT INTO DISHES_TO_ORDERS VALUES (5001, 12, 1);
INSERT INTO DISHES_TO_ORDERS VALUES (5002, 11, 1);
INSERT INTO DISHES_TO_ORDERS VALUES (5002, 13, 1);
INSERT INTO DISHES_TO_ORDERS VALUES (5003, 10, 1);
INSERT INTO DISHES_TO_ORDERS VALUES (5003, 13, 2);

-- SERVICE
INSERT INTO TABLE_SERVICE (ORDER_ID, TABLE_ID, STATUS, SERVED_ON) VALUES (5001, 2, 'Served', SYSDATE - 1);
INSERT INTO TABLE_SERVICE (ORDER_ID, TABLE_ID, STATUS, SERVED_ON) VALUES (5002, 3, 'Pending', SYSDATE - 2);
INSERT INTO TABLE_SERVICE (ORDER_ID, TABLE_ID, STATUS, SERVED_ON) VALUES (5003, 1, 'Pending', SYSDATE - 3);

-- REVIEWS
INSERT INTO REVIEWS VALUES (1001, SYSDATE - 1, 5, 'Excellent service and delicious food!');
INSERT INTO REVIEWS VALUES (1002, SYSDATE - 2, 4, 'Nice food, a bit slow service.');
INSERT INTO REVIEWS VALUES (1003, SYSDATE, 3, 'Average experience.');

-- PEOPLE
INSERT INTO PEOPLE (ID, PERSON_NAME, GENDER, EMAIL, PHONE) VALUES (4001, 'Olga Ivanova', 'F', 'olga.ivanova@gmail.com', '9000004');
INSERT INTO PEOPLE (ID, PERSON_NAME, GENDER, EMAIL, PHONE) VALUES (4002, 'Sergey Petrov', 'M', 'sergey.petrov@gmail.com', '9000005');
INSERT INTO PEOPLE (ID, PERSON_NAME, GENDER, EMAIL, PHONE) VALUES (4003, 'Ivan Koval', 'M', 'ivan.koval@gmail.com', '9000006');
INSERT INTO PEOPLE (ID, PERSON_NAME, GENDER, EMAIL, PHONE) VALUES (4004, 'Anna Rossi', 'F', 'anna.rossi@gmail.com', '9000007');
INSERT INTO PEOPLE (ID, PERSON_NAME, GENDER, EMAIL, PHONE) VALUES (5001, 'Marta Sousa', 'F', 'marta.sousa@gmail.com', '9000008');
INSERT INTO PEOPLE (ID, PERSON_NAME, GENDER, EMAIL, PHONE) VALUES (5002, 'Pedro Alves', 'M', 'pedro.alves@gmail.com', '9000009');

-- CUSTOMERS
INSERT INTO CUSTOMERS (ID, DISCOUNT) VALUES (4001, 8.00);
INSERT INTO CUSTOMERS (ID, DISCOUNT) VALUES (4002, 12.00);
INSERT INTO CUSTOMERS (ID, DISCOUNT) VALUES (5001, 7.50);
INSERT INTO CUSTOMERS (ID, DISCOUNT) VALUES (5002, 5.50);

-- WAITERS
INSERT INTO WAITERS (ID, SALARY) VALUES (4003, 2400.00);
INSERT INTO WAITERS (ID, SALARY) VALUES (4004, 2200.00);

-- SUPPLIERS
INSERT INTO SUPPLIERS (ID, SUPPLIER_TERM) VALUES (4001, 'Card Payment');
INSERT INTO SUPPLIERS (ID, SUPPLIER_TERM) VALUES (5001, 'Cash');

-- CATEGORIES
INSERT INTO CATEGORIES (ID, CATEGORY_NAME) VALUES (4, 'Soup');
INSERT INTO CATEGORIES (ID, CATEGORY_NAME) VALUES (5, 'Drinks');

-- DISHES
INSERT INTO DISHES (ID, DISH_NAME, DESCRIPTION, PRICE, CATEGORY_ID) VALUES (14, 'Chicken Soup', 'Classic chicken soup with vegetables', 7.00, 4);
INSERT INTO DISHES (ID, DISH_NAME, DESCRIPTION, PRICE, CATEGORY_ID) VALUES (15, 'Orange Juice', 'Freshly squeezed orange juice', 3.00, 5);
INSERT INTO DISHES (ID, DISH_NAME, DESCRIPTION, PRICE, CATEGORY_ID) VALUES (16, 'Cheesecake', 'Classic cheesecake with berries', 5.00, 3);

-- INGREDIENTS
INSERT INTO INGREDIENTS (ID, INGREDIENT_NAME, INGREDIENT_UNIT, QUANTITY) VALUES (209, 'Orange', 'kg', 6);
INSERT INTO INGREDIENTS (ID, INGREDIENT_NAME, INGREDIENT_UNIT, QUANTITY) VALUES (210, 'Cheese', 'kg', 2);
INSERT INTO INGREDIENTS (ID, INGREDIENT_NAME, INGREDIENT_UNIT, QUANTITY) VALUES (211, 'Berry', 'kg', 1);
INSERT INTO INGREDIENTS (ID, INGREDIENT_NAME, INGREDIENT_UNIT, QUANTITY) VALUES (212, 'Onion', 'kg', 4);

-- DISH_INGREDIENTS
INSERT INTO DISH_INGREDIENTS VALUES (14, 207, 0.2); -- Chicken
INSERT INTO DISH_INGREDIENTS VALUES (14, 204, 0.05); -- Carrot
INSERT INTO DISH_INGREDIENTS VALUES (14, 212, 0.05); -- Onion
INSERT INTO DISH_INGREDIENTS VALUES (15, 209, 0.15); -- Orange
INSERT INTO DISH_INGREDIENTS VALUES (16, 210, 0.1); -- Cheese
INSERT INTO DISH_INGREDIENTS VALUES (16, 211, 0.02); -- Berry

-- DELIVERIES
INSERT INTO DELIVERIES (ID, SUPPLIER_ID, DELIVERED_ON) VALUES (5001, 4001, SYSDATE - 8);
INSERT INTO DELIVERIES (ID, SUPPLIER_ID, DELIVERED_ON) VALUES (5002, 5001, SYSDATE - 3);

-- DELIVERED
INSERT INTO DELIVERED VALUES (209, 5001, 12, 1.1);
INSERT INTO DELIVERED VALUES (210, 5002, 3, 7.0);
INSERT INTO DELIVERED VALUES (211, 5002, 2, 5.0);

-- TABLES
INSERT INTO RESTAURANT_TABLES (ID, CAPACITY) VALUES (4, 2);
INSERT INTO RESTAURANT_TABLES (ID, CAPACITY) VALUES (5, 8);

-- ORDERS
INSERT INTO RESTAURANT_ORDERS (ID, CUSTOMER_ID, WAITER_ID, MADE_ON, TIPS) VALUES (6001, 4001, 4003, SYSDATE - 0.5, 4.50);
INSERT INTO RESTAURANT_ORDERS (ID, CUSTOMER_ID, WAITER_ID, MADE_ON, TIPS) VALUES (6002, 5002, 4004, SYSDATE - 1.5, 3.20);

INSERT INTO DISHES_TO_ORDERS VALUES (6001, 14, 1);
INSERT INTO DISHES_TO_ORDERS VALUES (6001, 16, 2);
INSERT INTO DISHES_TO_ORDERS VALUES (6002, 15, 1);

INSERT INTO TABLE_SERVICE (ORDER_ID, TABLE_ID, STATUS, SERVED_ON)
VALUES (6001, 4, 'Served', SYSDATE - 0.3);
INSERT INTO TABLE_SERVICE (ORDER_ID, TABLE_ID, STATUS, SERVED_ON)
VALUES (6002, 5, 'Served', SYSDATE - 1.2);

-- REVIEWS
INSERT INTO REVIEWS VALUES (4001, SYSDATE - 0.5, 4, 'Nice soup, quick service!');
INSERT INTO REVIEWS VALUES (5002, SYSDATE - 1.5, 5, 'The best juice in town!');

-- PEOPLE
INSERT INTO PEOPLE (ID, PERSON_NAME, GENDER, EMAIL, PHONE) VALUES (6001, 'Dmitry Zverev', 'M', 'dmitry.zverev@gmail.com', '9000010');
INSERT INTO PEOPLE (ID, PERSON_NAME, GENDER, EMAIL, PHONE) VALUES (6002, 'Sofia Lebedeva', 'F', 'sofia.lebedeva@gmail.com', '9000011');
INSERT INTO PEOPLE (ID, PERSON_NAME, GENDER, EMAIL, PHONE) VALUES (7001, 'João Pereira', 'M', 'joao.pereira@gmail.com', '9000012');
INSERT INTO PEOPLE (ID, PERSON_NAME, GENDER, EMAIL, PHONE) VALUES (7002, 'Laura Martins', 'F', 'laura.martins@gmail.com', '9000013');
INSERT INTO PEOPLE (ID, PERSON_NAME, GENDER, EMAIL, PHONE) VALUES (8001, 'Carlos Gomez', 'M', 'carlos.gomez@gmail.com', '9000014');
INSERT INTO PEOPLE (ID, PERSON_NAME, GENDER, EMAIL, PHONE) VALUES (8002, 'Elena Ivanova', 'F', 'elena.ivanova@gmail.com', '9000015');

-- CUSTOMERS
INSERT INTO CUSTOMERS (ID, DISCOUNT) VALUES (6001, 13.00);
INSERT INTO CUSTOMERS (ID, DISCOUNT) VALUES (6002, 9.00);
INSERT INTO CUSTOMERS (ID, DISCOUNT) VALUES (7001, 6.50);
INSERT INTO CUSTOMERS (ID, DISCOUNT) VALUES (8002, 11.25);

-- WAITERS
INSERT INTO WAITERS (ID, SALARY) VALUES (7001, 2600.00);
INSERT INTO WAITERS (ID, SALARY) VALUES (8001, 2550.00);

-- SUPPLIERS
INSERT INTO SUPPLIERS (ID, SUPPLIER_TERM) VALUES (6001, 'Credit Card');
INSERT INTO SUPPLIERS (ID, SUPPLIER_TERM) VALUES (7001, 'Wire Transfer');

-- CATEGORIES
INSERT INTO CATEGORIES (ID, CATEGORY_NAME) VALUES (6, 'Salad');
INSERT INTO CATEGORIES (ID, CATEGORY_NAME) VALUES (7, 'Pizza');
INSERT INTO CATEGORIES (ID, CATEGORY_NAME) VALUES (8, 'Fish');

-- DISHES
INSERT INTO DISHES (ID, DISH_NAME, DESCRIPTION, PRICE, CATEGORY_ID) VALUES (17, 'Greek Salad', 'Fresh vegetables with feta cheese', 7.50, 6);
INSERT INTO DISHES (ID, DISH_NAME, DESCRIPTION, PRICE, CATEGORY_ID) VALUES (18, 'Margherita Pizza', 'Classic pizza with tomato and mozzarella', 9.00, 7);
INSERT INTO DISHES (ID, DISH_NAME, DESCRIPTION, PRICE, CATEGORY_ID) VALUES (19, 'Tuna Steak', 'Grilled tuna steak with lemon', 14.50, 8);

-- INGREDIENTS
INSERT INTO INGREDIENTS (ID, INGREDIENT_NAME, INGREDIENT_UNIT, QUANTITY) VALUES (213, 'Feta Cheese', 'kg', 1);
INSERT INTO INGREDIENTS (ID, INGREDIENT_NAME, INGREDIENT_UNIT, QUANTITY) VALUES (214, 'Tomato', 'kg', 5);
INSERT INTO INGREDIENTS (ID, INGREDIENT_NAME, INGREDIENT_UNIT, QUANTITY) VALUES (215, 'Mozzarella', 'kg', 2);
INSERT INTO INGREDIENTS (ID, INGREDIENT_NAME, INGREDIENT_UNIT, QUANTITY) VALUES (216, 'Tuna', 'kg', 3);
INSERT INTO INGREDIENTS (ID, INGREDIENT_NAME, INGREDIENT_UNIT, QUANTITY) VALUES (217, 'Lemon', 'pcs', 10);

-- DISH_INGREDIENTS
INSERT INTO DISH_INGREDIENTS VALUES (17, 213, 0.08); -- Feta Cheese
INSERT INTO DISH_INGREDIENTS VALUES (17, 214, 0.15); -- Tomato
INSERT INTO DISH_INGREDIENTS VALUES (18, 215, 0.12); -- Mozzarella
INSERT INTO DISH_INGREDIENTS VALUES (18, 214, 0.10); -- Tomato
INSERT INTO DISH_INGREDIENTS VALUES (19, 216, 0.2); -- Tuna
INSERT INTO DISH_INGREDIENTS VALUES (19, 217, 1); -- Lemon

-- DELIVERIES
INSERT INTO DELIVERIES (ID, SUPPLIER_ID, DELIVERED_ON) VALUES (6001, 6001, SYSDATE - 10);
INSERT INTO DELIVERIES (ID, SUPPLIER_ID, DELIVERED_ON) VALUES (7001, 7001, SYSDATE - 1);

-- DELIVERED
INSERT INTO DELIVERED VALUES (213, 6001, 2, 6.0);
INSERT INTO DELIVERED VALUES (215, 6001, 5, 7.0);
INSERT INTO DELIVERED VALUES (216, 7001, 3, 13.0);

-- TABLES
INSERT INTO RESTAURANT_TABLES (ID, CAPACITY) VALUES (6, 10);
INSERT INTO RESTAURANT_TABLES (ID, CAPACITY) VALUES (7, 3);

-- ORDERS
INSERT INTO RESTAURANT_ORDERS (ID, CUSTOMER_ID, WAITER_ID, MADE_ON, TIPS) VALUES (7001, 6001, 7001, SYSDATE - 0.7, 7.00);
INSERT INTO RESTAURANT_ORDERS (ID, CUSTOMER_ID, WAITER_ID, MADE_ON, TIPS) VALUES (8001, 8002, 8001, SYSDATE - 3.4, 2.10);

INSERT INTO DISHES_TO_ORDERS VALUES (7001, 17, 1);
INSERT INTO DISHES_TO_ORDERS VALUES (7001, 18, 2);
INSERT INTO DISHES_TO_ORDERS VALUES (8001, 19, 1);

INSERT INTO TABLE_SERVICE (ORDER_ID, TABLE_ID, STATUS, SERVED_ON)
VALUES (7001, 6, 'Served', SYSDATE - 0.5);
INSERT INTO TABLE_SERVICE (ORDER_ID, TABLE_ID, STATUS, SERVED_ON)
VALUES (8001, 7, 'Served', SYSDATE - 3.0);

-- REVIEWS
INSERT INTO REVIEWS VALUES (6001, SYSDATE - 0.7, 5, 'Super fresh salad!');
INSERT INTO REVIEWS VALUES (8002, SYSDATE - 3.4, 4, 'Tuna was delicious, but a bit salty!');
COMMIT;